text,category,language,variant_type,model,predicted_category,top1_score,top2_category,top2_score,score_gap,top3_categories,top3_scores,top1_correct,top3_correct
Chicken Breast,Groceries,en,clean,sentence-transformers/paraphrase-multilingual-MiniLM-L12-v2,Groceries,0.37397676706314087,Fruits & Vegetables,0.1503378003835678,0.22363896667957306,"[""Groceries"", ""Fruits & Vegetables"", ""Personal Care""]","[0.37397676706314087, 0.1503378003835678, 0.11348772048950195]",True,True
Milk 1L,Groceries,en,clean,sentence-transformers/paraphrase-multilingual-MiniLM-L12-v2,Groceries,0.3056291937828064,Bills,0.18727433681488037,0.11835485696792603,"[""Groceries"", ""Bills"", ""Restaurants""]","[0.3056291937828064, 0.18727433681488037, 0.17953449487686157]",True,True
Rice 1KG,Groceries,en,clean,sentence-transformers/paraphrase-multilingual-MiniLM-L12-v2,Groceries,0.32173049449920654,Fruits & Vegetables,0.14626242220401764,0.1754680722951889,"[""Groceries"", ""Fruits & Vegetables"", ""Bills""]","[0.32173049449920654, 0.14626242220401764, 0.0716421827673912]",True,True
Egyptian White Cheese,Groceries,en,clean,sentence-transformers/paraphrase-multilingual-MiniLM-L12-v2,Groceries,0.23126758635044098,Restaurants,0.17185303568840027,0.05941455066204071,"[""Groceries"", ""Restaurants"", ""Fruits & Vegetables""]","[0.23126758635044098, 0.17185303568840027, 0.10083220899105072]",True,True
صدور فراخ,Groceries,ar,clean,sentence-transformers/paraphrase-multilingual-MiniLM-L12-v2,Other,0.34728533029556274,Bills,0.23916903138160706,0.10811629891395569,"[""Other"", ""Bills"", ""Transport""]","[0.34728533029556274, 0.23916903138160706, 0.19688308238983154]",False,False
لبن كامل الدسم,Groceries,ar,clean,sentence-transformers/paraphrase-multilingual-MiniLM-L12-v2,Groceries,0.2841838002204895,Restaurants,0.2366820126771927,0.047501787543296814,"[""Groceries"", ""Restaurants"", ""Other""]","[0.2841838002204895, 0.2366820126771927, 0.23163440823554993]",True,True
كيس أرز 1 كيلو,Groceries,ar,clean,sentence-transformers/paraphrase-multilingual-MiniLM-L12-v2,Groceries,0.4116159975528717,Other,0.32637813687324524,0.08523786067962646,"[""Groceries"", ""Other"", ""Transport""]","[0.4116159975528717, 0.32637813687324524, 0.2956511080265045]",True,True
علبة تونة,Groceries,ar,clean,sentence-transformers/paraphrase-multilingual-MiniLM-L12-v2,Transport,0.2953268587589264,Other,0.2603413164615631,0.03498554229736328,"[""Transport"", ""Other"", ""Restaurants""]","[0.2953268587589264, 0.2603413164615631, 0.24760562181472778]",False,False
Fresh Milk لبن,Groceries,mixed,mixed_language,sentence-transformers/paraphrase-multilingual-MiniLM-L12-v2,Groceries,0.39026468992233276,Fruits & Vegetables,0.21126557886600494,0.17899911105632782,"[""Groceries"", ""Fruits & Vegetables"", ""Household""]","[0.39026468992233276, 0.21126557886600494, 0.18904902040958405]",True,True
Chicken فراخ مجمدة,Groceries,mixed,mixed_language,sentence-transformers/paraphrase-multilingual-MiniLM-L12-v2,Groceries,0.4181166887283325,Restaurants,0.22541750967502594,0.19269917905330658,"[""Groceries"", ""Restaurants"", ""Transport""]","[0.4181166887283325, 0.22541750967502594, 0.14584583044052124]",True,True
M1LK 1L,Groceries,en,ocr_noise,sentence-transformers/paraphrase-multilingual-MiniLM-L12-v2,Transport,0.15302371978759766,Books,0.05866324156522751,0.09436047822237015,"[""Transport"", ""Books"", ""Restaurants""]","[0.15302371978759766, 0.05866324156522751, 0.05255521833896637]",False,False
R1CE 1KG,Groceries,en,ocr_noise,sentence-transformers/paraphrase-multilingual-MiniLM-L12-v2,Bills,0.03692030906677246,Transport,0.029843028634786606,0.007077280431985855,"[""Bills"", ""Transport"", ""Books""]","[0.03692030906677246, 0.029843028634786606, -0.004271451383829117]",False,False
Banana,Fruits & Vegetables,en,clean,sentence-transformers/paraphrase-multilingual-MiniLM-L12-v2,Fruits & Vegetables,0.31354308128356934,Groceries,0.12363593280315399,0.18990714848041534,"[""Fruits & Vegetables"", ""Groceries"", ""Transport""]","[0.31354308128356934, 0.12363593280315399, 0.12030216306447983]",True,True
Fresh Tomatoes,Fruits & Vegetables,en,clean,sentence-transformers/paraphrase-multilingual-MiniLM-L12-v2,Fruits & Vegetables,0.5809781551361084,Groceries,0.20985661447048187,0.3711215406656265,"[""Fruits & Vegetables"", ""Groceries"", ""Medicine""]","[0.5809781551361084, 0.20985661447048187, 0.19458933174610138]",True,True
Green Apples,Fruits & Vegetables,en,clean,sentence-transformers/paraphrase-multilingual-MiniLM-L12-v2,Fruits & Vegetables,0.4928207993507385,Groceries,0.2340698540210724,0.25875094532966614,"[""Fruits & Vegetables"", ""Groceries"", ""Transport""]","[0.4928207993507385, 0.2340698540210724, 0.14221486449241638]",True,True
Cucumber Pack,Fruits & Vegetables,en,clean,sentence-transformers/paraphrase-multilingual-MiniLM-L12-v2,Fruits & Vegetables,0.42227524518966675,Groceries,0.28005263209342957,0.14222261309623718,"[""Fruits & Vegetables"", ""Groceries"", ""Medicine""]","[0.42227524518966675, 0.28005263209342957, 0.23364907503128052]",True,True
طماطم,Fruits & Vegetables,ar,clean,sentence-transformers/paraphrase-multilingual-MiniLM-L12-v2,Fruits & Vegetables,0.5438602566719055,Groceries,0.2595284581184387,0.2843317985534668,"[""Fruits & Vegetables"", ""Groceries"", ""Medicine""]","[0.5438602566719055, 0.2595284581184387, 0.16099832952022552]",True,True
تفاح,Fruits & Vegetables,ar,clean,sentence-transformers/paraphrase-multilingual-MiniLM-L12-v2,Fruits & Vegetables,0.40095558762550354,Groceries,0.17821502685546875,0.2227405607700348,"[""Fruits & Vegetables"", ""Groceries"", ""Transport""]","[0.40095558762550354, 0.17821502685546875, 0.13982197642326355]",True,True
موز بلدي,Fruits & Vegetables,ar,clean,sentence-transformers/paraphrase-multilingual-MiniLM-L12-v2,Fruits & Vegetables,0.27769944071769714,Entertainment,0.2543761134147644,0.02332332730293274,"[""Fruits & Vegetables"", ""Entertainment"", ""Transport""]","[0.27769944071769714, 0.2543761134147644, 0.2421753704547882]",True,True
خيار طازج,Fruits & Vegetables,ar,clean,sentence-transformers/paraphrase-multilingual-MiniLM-L12-v2,Transport,0.2980552613735199,Restaurants,0.2758568227291107,0.02219843864440918,"[""Transport"", ""Restaurants"", ""Personal Care""]","[0.2980552613735199, 0.2758568227291107, 0.27462753653526306]",False,False
Banana موز,Fruits & Vegetables,mixed,mixed_language,sentence-transformers/paraphrase-multilingual-MiniLM-L12-v2,Fruits & Vegetables,0.36554282903671265,Groceries,0.13620369136333466,0.229339137673378,"[""Fruits & Vegetables"", ""Groceries"", ""Transport""]","[0.36554282903671265, 0.13620369136333466, 0.11186257004737854]",True,True
Fresh طماطم,Fruits & Vegetables,mixed,mixed_language,sentence-transformers/paraphrase-multilingual-MiniLM-L12-v2,Fruits & Vegetables,0.63167804479599,Groceries,0.28656941652297974,0.34510862827301025,"[""Fruits & Vegetables"", ""Groceries"", ""Medicine""]","[0.63167804479599, 0.28656941652297974, 0.2145465910434723]",True,True
T0MAT0ES,Fruits & Vegetables,en,ocr_noise,sentence-transformers/paraphrase-multilingual-MiniLM-L12-v2,Transport,0.11200891435146332,Bills,0.07558753341436386,0.03642138093709946,"[""Transport"", ""Bills"", ""Books""]","[0.11200891435146332, 0.07558753341436386, 0.07077909260988235]",False,False
تفـاح,Fruits & Vegetables,ar,ocr_noise,sentence-transformers/paraphrase-multilingual-MiniLM-L12-v2,Transport,0.2356833964586258,Entertainment,0.17832601070404053,0.057357385754585266,"[""Transport"", ""Entertainment"", ""Fruits & Vegetables""]","[0.2356833964586258, 0.17832601070404053, 0.1625041663646698]",False,True
McChicken Meal,Restaurants,en,clean,sentence-transformers/paraphrase-multilingual-MiniLM-L12-v2,Groceries,0.41357532143592834,Restaurants,0.3445999026298523,0.06897541880607605,"[""Groceries"", ""Restaurants"", ""Other""]","[0.41357532143592834, 0.3445999026298523, 0.14045844972133636]",False,True
Margherita Pizza,Restaurants,en,clean,sentence-transformers/paraphrase-multilingual-MiniLM-L12-v2,Restaurants,0.2749060392379761,Groceries,0.272860586643219,0.00204545259475708,"[""Restaurants"", ""Groceries"", ""Fruits & Vegetables""]","[0.2749060392379761, 0.272860586643219, 0.11834651231765747]",True,True
Cappuccino,Restaurants,en,clean,sentence-transformers/paraphrase-multilingual-MiniLM-L12-v2,Restaurants,0.3036079406738281,Groceries,0.18318301439285278,0.12042492628097534,"[""Restaurants"", ""Groceries"", ""Household""]","[0.3036079406738281, 0.18318301439285278, 0.13487936556339264]",True,True
KFC Family Meal,Restaurants,en,clean,sentence-transformers/paraphrase-multilingual-MiniLM-L12-v2,Groceries,0.42320239543914795,Restaurants,0.33365488052368164,0.08954751491546631,"[""Groceries"", ""Restaurants"", ""Fruits & Vegetables""]","[0.42320239543914795, 0.33365488052368164, 0.20176953077316284]",False,True
بيتزا مارجريتا,Restaurants,ar,clean,sentence-transformers/paraphrase-multilingual-MiniLM-L12-v2,Restaurants,0.3077521324157715,Groceries,0.28135523200035095,0.026396900415420532,"[""Restaurants"", ""Groceries"", ""Fruits & Vegetables""]","[0.3077521324157715, 0.28135523200035095, 0.1140175610780716]",True,True
وجبة برجر,Restaurants,ar,clean,sentence-transformers/paraphrase-multilingual-MiniLM-L12-v2,Groceries,0.3541751503944397,Restaurants,0.3382954001426697,0.01587975025177002,"[""Groceries"", ""Restaurants"", ""Other""]","[0.3541751503944397, 0.3382954001426697, 0.14817863702774048]",False,True
قهوة لاتيه,Restaurants,ar,clean,sentence-transformers/paraphrase-multilingual-MiniLM-L12-v2,Restaurants,0.42947590351104736,Transport,0.18328574299812317,0.2461901605129242,"[""Restaurants"", ""Transport"", ""Bills""]","[0.42947590351104736, 0.18328574299812317, 0.1428137719631195]",True,True
ساندوتش شاورما,Restaurants,ar,clean,sentence-transformers/paraphrase-multilingual-MiniLM-L12-v2,Other,0.2606966495513916,Books,0.19421645998954773,0.06648018956184387,"[""Other"", ""Books"", ""Restaurants""]","[0.2606966495513916, 0.19421645998954773, 0.19334828853607178]",False,True
Coffee قهوة,Restaurants,mixed,mixed_language,sentence-transformers/paraphrase-multilingual-MiniLM-L12-v2,Restaurants,0.4541469216346741,Transport,0.21331927180290222,0.24082764983177185,"[""Restaurants"", ""Transport"", ""Bills""]","[0.4541469216346741, 0.21331927180290222, 0.18599000573158264]",True,True
Burger وجبة,Restaurants,mixed,mixed_language,sentence-transformers/paraphrase-multilingual-MiniLM-L12-v2,Groceries,0.3635483980178833,Restaurants,0.26366761326789856,0.09988078474998474,"[""Groceries"", ""Restaurants"", ""Fruits & Vegetables""]","[0.3635483980178833, 0.26366761326789856, 0.08746761828660965]",False,True
McCh1cken MeaI,Restaurants,en,ocr_noise,sentence-transformers/paraphrase-multilingual-MiniLM-L12-v2,Books,0.11709228157997131,Transport,0.1080022007226944,0.009090080857276917,"[""Books"", ""Transport"", ""Groceries""]","[0.11709228157997131, 0.1080022007226944, 0.10721783339977264]",False,False
P1ZZA MARGHER1TA,Restaurants,en,ocr_noise,sentence-transformers/paraphrase-multilingual-MiniLM-L12-v2,Restaurants,0.20605912804603577,Other,0.18927797675132751,0.016781151294708252,"[""Restaurants"", ""Other"", ""Books""]","[0.20605912804603577, 0.18927797675132751, 0.16387993097305298]",True,True
Uber Trip,Transport,en,clean,sentence-transformers/paraphrase-multilingual-MiniLM-L12-v2,Transport,0.27877068519592285,Shopping,0.13668370246887207,0.14208698272705078,"[""Transport"", ""Shopping"", ""Restaurants""]","[0.27877068519592285, 0.13668370246887207, 0.1238982081413269]",True,True
Careem Ride,Transport,en,clean,sentence-transformers/paraphrase-multilingual-MiniLM-L12-v2,Transport,0.26085013151168823,Personal Care,0.1985437273979187,0.06230640411376953,"[""Transport"", ""Personal Care"", ""Restaurants""]","[0.26085013151168823, 0.1985437273979187, 0.19584892690181732]",True,True
Cairo Metro Ticket,Transport,en,clean,sentence-transformers/paraphrase-multilingual-MiniLM-L12-v2,Transport,0.3066478669643402,Restaurants,0.1502494066953659,0.1563984602689743,"[""Transport"", ""Restaurants"", ""Shopping""]","[0.3066478669643402, 0.1502494066953659, 0.1286233812570572]",True,True
Gasoline 92,Transport,en,clean,sentence-transformers/paraphrase-multilingual-MiniLM-L12-v2,Bills,0.30362486839294434,Transport,0.2651107907295227,0.03851407766342163,"[""Bills"", ""Transport"", ""Household""]","[0.30362486839294434, 0.2651107907295227, 0.08005935698747635]",False,True
رحلة أوبر,Transport,ar,clean,sentence-transformers/paraphrase-multilingual-MiniLM-L12-v2,Transport,0.28325867652893066,Other,0.17846351861953735,0.10479515790939331,"[""Transport"", ""Other"", ""Restaurants""]","[0.28325867652893066, 0.17846351861953735, 0.17765498161315918]",True,True
مشوار كريم,Transport,ar,clean,sentence-transformers/paraphrase-multilingual-MiniLM-L12-v2,Restaurants,0.23258131742477417,Groceries,0.18501786887645721,0.047563448548316956,"[""Restaurants"", ""Groceries"", ""Transport""]","[0.23258131742477417, 0.18501786887645721, 0.1650664210319519]",False,True
تذكرة مترو,Transport,ar,clean,sentence-transformers/paraphrase-multilingual-MiniLM-L12-v2,Transport,0.362224817276001,Bills,0.11265036463737488,0.2495744526386261,"[""Transport"", ""Bills"", ""Restaurants""]","[0.362224817276001, 0.11265036463737488, 0.11109437048435211]",True,True
بنزين 92,Transport,ar,clean,sentence-transformers/paraphrase-multilingual-MiniLM-L12-v2,Bills,0.26656460762023926,Transport,0.21272021532058716,0.0538443922996521,"[""Bills"", ""Transport"", ""Restaurants""]","[0.26656460762023926, 0.21272021532058716, 0.11278651654720306]",False,True
Uber مشوار,Transport,mixed,mixed_language,sentence-transformers/paraphrase-multilingual-MiniLM-L12-v2,Transport,0.3235500752925873,Shopping,0.16235923767089844,0.16119083762168884,"[""Transport"", ""Shopping"", ""Restaurants""]","[0.3235500752925873, 0.16235923767089844, 0.09793195128440857]",True,True
Careem رحلة,Transport,mixed,mixed_language,sentence-transformers/paraphrase-multilingual-MiniLM-L12-v2,Transport,0.31271281838417053,Restaurants,0.26830482482910156,0.04440799355506897,"[""Transport"", ""Restaurants"", ""Entertainment""]","[0.31271281838417053, 0.26830482482910156, 0.26414403319358826]",True,True
UBER TR1P,Transport,en,ocr_noise,sentence-transformers/paraphrase-multilingual-MiniLM-L12-v2,Transport,0.13392820954322815,Other,0.10825645923614502,0.02567175030708313,"[""Transport"", ""Other"", ""Bills""]","[0.13392820954322815, 0.10825645923614502, 0.10186360776424408]",True,True
CAR EEM R1DE,Transport,en,ocr_noise,sentence-transformers/paraphrase-multilingual-MiniLM-L12-v2,Transport,0.19899173080921173,Shopping,0.08748789131641388,0.11150383949279785,"[""Transport"", ""Shopping"", ""Bills""]","[0.19899173080921173, 0.08748789131641388, 0.0799182578921318]",True,True
Dettol Floor Cleaner,Household,en,clean,sentence-transformers/paraphrase-multilingual-MiniLM-L12-v2,Household,0.396709144115448,Personal Care,0.2368277907371521,0.1598813533782959,"[""Household"", ""Personal Care"", ""Transport""]","[0.396709144115448, 0.2368277907371521, 0.18141627311706543]",True,True
Fairy Dishwashing Liquid,Household,en,clean,sentence-transformers/paraphrase-multilingual-MiniLM-L12-v2,Household,0.4004707336425781,Groceries,0.25068655610084534,0.1497841775417328,"[""Household"", ""Groceries"", ""Personal Care""]","[0.4004707336425781, 0.25068655610084534, 0.2412126660346985]",True,True
Persil Gel,Household,en,clean,sentence-transformers/paraphrase-multilingual-MiniLM-L12-v2,Personal Care,0.25014200806617737,Medicine,0.1868983805179596,0.06324362754821777,"[""Personal Care"", ""Medicine"", ""Other""]","[0.25014200806617737, 0.1868983805179596, 0.1656947135925293]",False,False
Clorox Bleach,Household,en,clean,sentence-transformers/paraphrase-multilingual-MiniLM-L12-v2,Personal Care,0.1399208903312683,Household,0.12316480278968811,0.0167560875415802,"[""Personal Care"", ""Household"", ""Medicine""]","[0.1399208903312683, 0.12316480278968811, 0.06556619703769684]",False,True
منظف أرضيات ديتول,Household,ar,clean,sentence-transformers/paraphrase-multilingual-MiniLM-L12-v2,Household,0.3978162407875061,Transport,0.2551226019859314,0.1426936388015747,"[""Household"", ""Transport"", ""Personal Care""]","[0.3978162407875061, 0.2551226019859314, 0.22791287302970886]",True,True
سائل غسيل أطباق,Household,ar,clean,sentence-transformers/paraphrase-multilingual-MiniLM-L12-v2,Household,0.5622788667678833,Personal Care,0.35638248920440674,0.20589637756347656,"[""Household"", ""Personal Care"", ""Groceries""]","[0.5622788667678833, 0.35638248920440674, 0.25202476978302]",True,True
مسحوق غسيل برسيل,Household,ar,clean,sentence-transformers/paraphrase-multilingual-MiniLM-L12-v2,Household,0.48610973358154297,Personal Care,0.376736044883728,0.10937368869781494,"[""Household"", ""Personal Care"", ""Other""]","[0.48610973358154297, 0.376736044883728, 0.17354831099510193]",True,True
كلور مبيض,Household,ar,clean,sentence-transformers/paraphrase-multilingual-MiniLM-L12-v2,Transport,0.08868000656366348,Personal Care,0.07132155448198318,0.017358452081680298,"[""Transport"", ""Personal Care"", ""Groceries""]","[0.08868000656366348, 0.07132155448198318, 0.06996941566467285]",False,False
Dettol منظف أرضيات,Household,mixed,mixed_language,sentence-transformers/paraphrase-multilingual-MiniLM-L12-v2,Household,0.3252434730529785,Transport,0.2752472460269928,0.04999622702598572,"[""Household"", ""Transport"", ""Bills""]","[0.3252434730529785, 0.2752472460269928, 0.17665398120880127]",True,True
Fairy صابون أطباق,Household,mixed,mixed_language,sentence-transformers/paraphrase-multilingual-MiniLM-L12-v2,Household,0.43646228313446045,Personal Care,0.3492658734321594,0.08719640970230103,"[""Household"", ""Personal Care"", ""Groceries""]","[0.43646228313446045, 0.3492658734321594, 0.25165247917175293]",True,True
DettoI Floor C1eaner,Household,en,ocr_noise,sentence-transformers/paraphrase-multilingual-MiniLM-L12-v2,Transport,0.18110391497612,Household,0.16261589527130127,0.018488019704818726,"[""Transport"", ""Household"", ""Bills""]","[0.18110391497612, 0.16261589527130127, 0.12052024900913239]",False,True
PersiI GeI,Household,en,ocr_noise,sentence-transformers/paraphrase-multilingual-MiniLM-L12-v2,Other,0.19238825142383575,Books,0.18481600284576416,0.007572248578071594,"[""Other"", ""Books"", ""Transport""]","[0.19238825142383575, 0.18481600284576416, 0.16944020986557007]",False,False
Panadol Extra,Medicine,en,clean,sentence-transformers/paraphrase-multilingual-MiniLM-L12-v2,Other,0.17103582620620728,Household,0.11836876720190048,0.05266705900430679,"[""Other"", ""Household"", ""Restaurants""]","[0.17103582620620728, 0.11836876720190048, 0.11424590647220612]",False,False
Brufen 400,Medicine,en,clean,sentence-transformers/paraphrase-multilingual-MiniLM-L12-v2,Transport,0.15407948195934296,Bills,0.14894814789295197,0.005131334066390991,"[""Transport"", ""Bills"", ""Other""]","[0.15407948195934296, 0.14894814789295197, 0.13835811614990234]",False,False
Folic Acid 600 MCG,Medicine,en,clean,sentence-transformers/paraphrase-multilingual-MiniLM-L12-v2,Medicine,0.13940945267677307,Household,0.09454679489135742,0.04486265778541565,"[""Medicine"", ""Household"", ""Groceries""]","[0.13940945267677307, 0.09454679489135742, 0.07755796611309052]",True,True
Immulant Plus 20 Cap,Medicine,en,clean,sentence-transformers/paraphrase-multilingual-MiniLM-L12-v2,Shopping,0.19033661484718323,Household,0.1600639969110489,0.03027261793613434,"[""Shopping"", ""Household"", ""Restaurants""]","[0.19033661484718323, 0.1600639969110489, 0.15993273258209229]",False,False
بنادول إكسترا,Medicine,ar,clean,sentence-transformers/paraphrase-multilingual-MiniLM-L12-v2,Other,0.2579854726791382,Books,0.23095427453517914,0.027031198143959045,"[""Other"", ""Books"", ""Transport""]","[0.2579854726791382, 0.23095427453517914, 0.21576884388923645]",False,False
بروفين 400,Medicine,ar,clean,sentence-transformers/paraphrase-multilingual-MiniLM-L12-v2,Other,0.14850232005119324,Transport,0.138104647397995,0.010397672653198242,"[""Other"", ""Transport"", ""Bills""]","[0.14850232005119324, 0.138104647397995, 0.11021371930837631]",False,False
حمض الفوليك,Medicine,ar,clean,sentence-transformers/paraphrase-multilingual-MiniLM-L12-v2,Transport,0.1747455596923828,Books,0.1673719882965088,0.0073735713958740234,"[""Transport"", ""Books"", ""Entertainment""]","[0.1747455596923828, 0.1673719882965088, 0.14669916033744812]",False,False
فيتامين سي,Medicine,ar,clean,sentence-transformers/paraphrase-multilingual-MiniLM-L12-v2,Medicine,0.4799591898918152,Fruits & Vegetables,0.20042932033538818,0.279529869556427,"[""Medicine"", ""Fruits & Vegetables"", ""Other""]","[0.4799591898918152, 0.20042932033538818, 0.14375483989715576]",True,True
Panadol مسكن,Medicine,mixed,mixed_language,sentence-transformers/paraphrase-multilingual-MiniLM-L12-v2,Restaurants,0.3064384162425995,Transport,0.1915743052959442,0.11486411094665527,"[""Restaurants"", ""Transport"", ""Other""]","[0.3064384162425995, 0.1915743052959442, 0.17909212410449982]",False,False
Vitamin D فيتامين,Medicine,mixed,mixed_language,sentence-transformers/paraphrase-multilingual-MiniLM-L12-v2,Medicine,0.43379080295562744,Fruits & Vegetables,0.20525813102722168,0.22853267192840576,"[""Medicine"", ""Fruits & Vegetables"", ""Other""]","[0.43379080295562744, 0.20525813102722168, 0.1357259452342987]",True,True
PANAD0L EXTRA,Medicine,en,ocr_noise,sentence-transformers/paraphrase-multilingual-MiniLM-L12-v2,Other,0.15604746341705322,Bills,0.098765529692173,0.05728193372488022,"[""Other"", ""Bills"", ""Household""]","[0.15604746341705322, 0.098765529692173, 0.09214098006486893]",False,False
F0LIC ACID 600 MCG,Medicine,en,ocr_noise,sentence-transformers/paraphrase-multilingual-MiniLM-L12-v2,Household,0.08139391243457794,Medicine,0.07457409054040909,0.006819821894168854,"[""Household"", ""Medicine"", ""Bills""]","[0.08139391243457794, 0.07457409054040909, 0.042346544563770294]",False,True
MLANT PLUS 20 CAP,Medicine,en,ocr_noise,sentence-transformers/paraphrase-multilingual-MiniLM-L12-v2,Groceries,0.1820783019065857,Other,0.17731162905693054,0.004766672849655151,"[""Groceries"", ""Other"", ""Shopping""]","[0.1820783019065857, 0.17731162905693054, 0.17585793137550354]",False,False
FoLic AciD 600 McG,Medicine,en,ocr_noise,sentence-transformers/paraphrase-multilingual-MiniLM-L12-v2,Household,0.17316855490207672,Bills,0.11258671432733536,0.060581840574741364,"[""Household"", ""Bills"", ""Transport""]","[0.17316855490207672, 0.11258671432733536, 0.05380937457084656]",False,False
Cotton T Shirt,Shopping,en,clean,sentence-transformers/paraphrase-multilingual-MiniLM-L12-v2,Shopping,0.23536846041679382,Groceries,0.22069813311100006,0.014670327305793762,"[""Shopping"", ""Groceries"", ""Household""]","[0.23536846041679382, 0.22069813311100006, 0.21284347772598267]",True,True
Running Shoes,Shopping,en,clean,sentence-transformers/paraphrase-multilingual-MiniLM-L12-v2,Shopping,0.21161824464797974,Books,0.13092130422592163,0.0806969404220581,"[""Shopping"", ""Books"", ""Restaurants""]","[0.21161824464797974, 0.13092130422592163, 0.12344334274530411]",True,True
Wireless Headphones,Shopping,en,clean,sentence-transformers/paraphrase-multilingual-MiniLM-L12-v2,Shopping,0.17972183227539062,Transport,0.14200237393379211,0.03771945834159851,"[""Shopping"", ""Transport"", ""Restaurants""]","[0.17972183227539062, 0.14200237393379211, 0.1318979263305664]",True,True
Phone Charger,Shopping,en,clean,sentence-transformers/paraphrase-multilingual-MiniLM-L12-v2,Bills,0.28671929240226746,Household,0.14760732650756836,0.1391119658946991,"[""Bills"", ""Household"", ""Shopping""]","[0.28671929240226746, 0.14760732650756836, 0.13277852535247803]",False,True
تيشيرت قطن,Shopping,ar,clean,sentence-transformers/paraphrase-multilingual-MiniLM-L12-v2,Books,0.22010716795921326,Other,0.2172940969467163,0.0028130710124969482,"[""Books"", ""Other"", ""Entertainment""]","[0.22010716795921326, 0.2172940969467163, 0.18030217289924622]",False,False
حذاء رياضي,Shopping,ar,clean,sentence-transformers/paraphrase-multilingual-MiniLM-L12-v2,Shopping,0.3252255320549011,Books,0.16443201899528503,0.1607935130596161,"[""Shopping"", ""Books"", ""Medicine""]","[0.3252255320549011, 0.16443201899528503, 0.16195926070213318]",True,True
سماعات بلوتوث,Shopping,ar,clean,sentence-transformers/paraphrase-multilingual-MiniLM-L12-v2,Books,0.17985627055168152,Entertainment,0.1761179268360138,0.0037383437156677246,"[""Books"", ""Entertainment"", ""Other""]","[0.17985627055168152, 0.1761179268360138, 0.16171430051326752]",False,False
شاحن موبايل,Shopping,ar,clean,sentence-transformers/paraphrase-multilingual-MiniLM-L12-v2,Transport,0.3985605239868164,Bills,0.290188193321228,0.10837233066558838,"[""Transport"", ""Bills"", ""Shopping""]","[0.3985605239868164, 0.290188193321228, 0.22965282201766968]",False,True
Nike حذاء,Shopping,mixed,mixed_language,sentence-transformers/paraphrase-multilingual-MiniLM-L12-v2,Shopping,0.36916226148605347,Personal Care,0.15856024622917175,0.2106020152568817,"[""Shopping"", ""Personal Care"", ""Other""]","[0.36916226148605347, 0.15856024622917175, 0.14174887537956238]",True,True
Headphones سماعات,Shopping,mixed,mixed_language,sentence-transformers/paraphrase-multilingual-MiniLM-L12-v2,Transport,0.17217183113098145,Other,0.15998098254203796,0.012190848588943481,"[""Transport"", ""Other"", ""Entertainment""]","[0.17217183113098145, 0.15998098254203796, 0.1435476541519165]",False,False
W1RELESS HEADPH0NES,Shopping,en,ocr_noise,sentence-transformers/paraphrase-multilingual-MiniLM-L12-v2,Transport,0.03747645765542984,Books,0.0250186026096344,0.01245785504579544,"[""Transport"", ""Books"", ""Restaurants""]","[0.03747645765542984, 0.0250186026096344, -0.009953192435204983]",False,False
PH0NE CHARGER,Shopping,en,ocr_noise,sentence-transformers/paraphrase-multilingual-MiniLM-L12-v2,Books,0.12446432560682297,Transport,0.07512667775154114,0.04933764785528183,"[""Books"", ""Transport"", ""Other""]","[0.12446432560682297, 0.07512667775154114, 0.06969630718231201]",False,False
Electricity Bill,Bills,en,clean,sentence-transformers/paraphrase-multilingual-MiniLM-L12-v2,Bills,0.5843462347984314,Transport,0.22355742752552032,0.36078880727291107,"[""Bills"", ""Transport"", ""Household""]","[0.5843462347984314, 0.22355742752552032, 0.16748300194740295]",True,True
WE Internet Bill,Bills,en,clean,sentence-transformers/paraphrase-multilingual-MiniLM-L12-v2,Bills,0.4582539200782776,Other,0.23337920010089874,0.22487471997737885,"[""Bills"", ""Other"", ""Shopping""]","[0.4582539200782776, 0.23337920010089874, 0.19350974261760712]",True,True
Water Utility Bill,Bills,en,clean,sentence-transformers/paraphrase-multilingual-MiniLM-L12-v2,Bills,0.5630974769592285,Other,0.20306944847106934,0.3600280284881592,"[""Bills"", ""Other"", ""Household""]","[0.5630974769592285, 0.20306944847106934, 0.1651131957769394]",True,True
Mobile Phone Bill,Bills,en,clean,sentence-transformers/paraphrase-multilingual-MiniLM-L12-v2,Bills,0.3741859197616577,Other,0.1858534812927246,0.1883324384689331,"[""Bills"", ""Other"", ""Shopping""]","[0.3741859197616577, 0.1858534812927246, 0.18564659357070923]",True,True
فاتورة كهرباء,Bills,ar,clean,sentence-transformers/paraphrase-multilingual-MiniLM-L12-v2,Bills,0.578688383102417,Other,0.2669454514980316,0.3117429316043854,"[""Bills"", ""Other"", ""Transport""]","[0.578688383102417, 0.2669454514980316, 0.25491517782211304]",True,True
فاتورة انترنت WE,Bills,mixed,mixed_language,sentence-transformers/paraphrase-multilingual-MiniLM-L12-v2,Bills,0.44816067814826965,Other,0.3077380955219269,0.14042258262634277,"[""Bills"", ""Other"", ""Shopping""]","[0.44816067814826965, 0.3077380955219269, 0.2836607098579407]",True,True
فاتورة مياه,Bills,ar,clean,sentence-transformers/paraphrase-multilingual-MiniLM-L12-v2,Bills,0.48822030425071716,Other,0.28530269861221313,0.20291760563850403,"[""Bills"", ""Other"", ""Groceries""]","[0.48822030425071716, 0.28530269861221313, 0.2132907211780548]",True,True
فاتورة غاز,Bills,ar,clean,sentence-transformers/paraphrase-multilingual-MiniLM-L12-v2,Bills,0.47969257831573486,Transport,0.26570770144462585,0.213984876871109,"[""Bills"", ""Transport"", ""Other""]","[0.47969257831573486, 0.26570770144462585, 0.18210673332214355]",True,True
Orange فاتورة موبايل,Bills,mixed,mixed_language,sentence-transformers/paraphrase-multilingual-MiniLM-L12-v2,Bills,0.3147878348827362,Other,0.21323472261428833,0.10155311226844788,"[""Bills"", ""Other"", ""Transport""]","[0.3147878348827362, 0.21323472261428833, 0.19011105597019196]",True,True
Internet فاتورة شهرية,Bills,mixed,mixed_language,sentence-transformers/paraphrase-multilingual-MiniLM-L12-v2,Bills,0.4769250452518463,Other,0.3029904365539551,0.17393460869789124,"[""Bills"", ""Other"", ""Shopping""]","[0.4769250452518463, 0.3029904365539551, 0.30224961042404175]",True,True
ELECTR1C1TY B1LL,Bills,en,ocr_noise,sentence-transformers/paraphrase-multilingual-MiniLM-L12-v2,Bills,0.15810637176036835,Transport,0.1475740224123001,0.010532349348068237,"[""Bills"", ""Transport"", ""Books""]","[0.15810637176036835, 0.1475740224123001, 0.10404252260923386]",True,True
WE 1NTERNET B1LL,Bills,en,ocr_noise,sentence-transformers/paraphrase-multilingual-MiniLM-L12-v2,Bills,0.1266711950302124,Transport,0.10145370662212372,0.025217488408088684,"[""Bills"", ""Transport"", ""Restaurants""]","[0.1266711950302124, 0.10145370662212372, 0.08367693424224854]",True,True
Netflix,Entertainment,en,clean,sentence-transformers/paraphrase-multilingual-MiniLM-L12-v2,Entertainment,0.2684228718280792,Bills,0.18990939855575562,0.07851347327232361,"[""Entertainment"", ""Bills"", ""Shopping""]","[0.2684228718280792, 0.18990939855575562, 0.16013379395008087]",True,True
Cinema Ticket,Entertainment,en,clean,sentence-transformers/paraphrase-multilingual-MiniLM-L12-v2,Entertainment,0.25605839490890503,Shopping,0.09994465112686157,0.15611374378204346,"[""Entertainment"", ""Shopping"", ""Other""]","[0.25605839490890503, 0.09994465112686157, 0.09937261044979095]",True,True
PlayStation Game,Entertainment,en,clean,sentence-transformers/paraphrase-multilingual-MiniLM-L12-v2,Entertainment,0.1785178780555725,Restaurants,0.08378143608570099,0.09473644196987152,"[""Entertainment"", ""Restaurants"", ""Shopping""]","[0.1785178780555725, 0.08378143608570099, 0.07648973166942596]",True,True
Concert Ticket,Entertainment,en,clean,sentence-transformers/paraphrase-multilingual-MiniLM-L12-v2,Entertainment,0.10595528781414032,Other,0.07953116297721863,0.026424124836921692,"[""Entertainment"", ""Other"", ""Shopping""]","[0.10595528781414032, 0.07953116297721863, 0.06211359053850174]",True,True
تذكرة سينما,Entertainment,ar,clean,sentence-transformers/paraphrase-multilingual-MiniLM-L12-v2,Entertainment,0.23174059391021729,Transport,0.10475211590528488,0.1269884780049324,"[""Entertainment"", ""Transport"", ""Other""]","[0.23174059391021729, 0.10475211590528488, 0.09099263697862625]",True,True
اشتراك مشاهدة أفلام,Entertainment,ar,clean,sentence-transformers/paraphrase-multilingual-MiniLM-L12-v2,Entertainment,0.47723132371902466,Shopping,0.13842055201530457,0.3388107717037201,"[""Entertainment"", ""Shopping"", ""Personal Care""]","[0.47723132371902466, 0.13842055201530457, 0.12209942936897278]",True,True
لعبة بلايستيشن,Entertainment,ar,clean,sentence-transformers/paraphrase-multilingual-MiniLM-L12-v2,Entertainment,0.2958534061908722,Other,0.13753478229045868,0.1583186239004135,"[""Entertainment"", ""Other"", ""Transport""]","[0.2958534061908722, 0.13753478229045868, 0.13705991208553314]",True,True
تذكرة حفلة,Entertainment,ar,clean,sentence-transformers/paraphrase-multilingual-MiniLM-L12-v2,Restaurants,0.17669953405857086,Other,0.12659808993339539,0.050101444125175476,"[""Restaurants"", ""Other"", ""Entertainment""]","[0.17669953405857086, 0.12659808993339539, 0.10680712759494781]",False,True
Netflix اشتراك,Entertainment,mixed,mixed_language,sentence-transformers/paraphrase-multilingual-MiniLM-L12-v2,Entertainment,0.23291680216789246,Bills,0.1711033135652542,0.061813488602638245,"[""Entertainment"", ""Bills"", ""Shopping""]","[0.23291680216789246, 0.1711033135652542, 0.12404169142246246]",True,True
Cinema تذكرة,Entertainment,mixed,mixed_language,sentence-transformers/paraphrase-multilingual-MiniLM-L12-v2,Entertainment,0.28402572870254517,Other,0.11548042297363281,0.16854530572891235,"[""Entertainment"", ""Other"", ""Transport""]","[0.28402572870254517, 0.11548042297363281, 0.11421753466129303]",True,True
NETFL1X,Entertainment,en,ocr_noise,sentence-transformers/paraphrase-multilingual-MiniLM-L12-v2,Bills,0.14150643348693848,Restaurants,0.07095223665237427,0.07055419683456421,"[""Bills"", ""Restaurants"", ""Groceries""]","[0.14150643348693848, 0.07095223665237427, 0.048034559935331345]",False,False
C1NEMA T1CKET,Entertainment,en,ocr_noise,sentence-transformers/paraphrase-multilingual-MiniLM-L12-v2,Transport,0.1046440601348877,Medicine,0.09775973856449127,0.006884321570396423,"[""Transport"", ""Medicine"", ""Books""]","[0.1046440601348877, 0.09775973856449127, 0.09480154514312744]",False,False
Dove Shampoo,Personal Care,en,clean,sentence-transformers/paraphrase-multilingual-MiniLM-L12-v2,Personal Care,0.5460081100463867,Household,0.42891639471054077,0.11709171533584595,"[""Personal Care"", ""Household"", ""Shopping""]","[0.5460081100463867, 0.42891639471054077, 0.2629612386226654]",True,True
Nivea Face Cream,Personal Care,en,clean,sentence-transformers/paraphrase-multilingual-MiniLM-L12-v2,Personal Care,0.19041161239147186,Medicine,0.09745863080024719,0.09295298159122467,"[""Personal Care"", ""Medicine"", ""Household""]","[0.19041161239147186, 0.09745863080024719, 0.011655395850539207]",True,True
Gillette Razor,Personal Care,en,clean,sentence-transformers/paraphrase-multilingual-MiniLM-L12-v2,Personal Care,0.3879803419113159,Household,0.1963101327419281,0.19167020916938782,"[""Personal Care"", ""Household"", ""Shopping""]","[0.3879803419113159, 0.1963101327419281, 0.08586357533931732]",True,True
Haircut,Personal Care,en,clean,sentence-transformers/paraphrase-multilingual-MiniLM-L12-v2,Personal Care,0.362043559551239,Shopping,0.06928481161594391,0.2927587479352951,"[""Personal Care"", ""Shopping"", ""Household""]","[0.362043559551239, 0.06928481161594391, 0.06315921247005463]",True,True
شامبو دوف,Personal Care,ar,clean,sentence-transformers/paraphrase-multilingual-MiniLM-L12-v2,Other,0.1762007176876068,Entertainment,0.1749388575553894,0.0012618601322174072,"[""Other"", ""Entertainment"", ""Books""]","[0.1762007176876068, 0.1749388575553894, 0.1742296665906906]",False,False
كريم نيفيا للوجه,Personal Care,ar,clean,sentence-transformers/paraphrase-multilingual-MiniLM-L12-v2,Personal Care,0.12594710290431976,Restaurants,0.12475914508104324,0.0011879578232765198,"[""Personal Care"", ""Restaurants"", ""Other""]","[0.12594710290431976, 0.12475914508104324, 0.09614303708076477]",True,True
شفرة حلاقة,Personal Care,ar,clean,sentence-transformers/paraphrase-multilingual-MiniLM-L12-v2,Books,0.21753008663654327,Other,0.20970889925956726,0.007821187376976013,"[""Books"", ""Other"", ""Transport""]","[0.21753008663654327, 0.20970889925956726, 0.20326700806617737]",False,False
قص شعر,Personal Care,ar,clean,sentence-transformers/paraphrase-multilingual-MiniLM-L12-v2,Personal Care,0.31653374433517456,Household,0.0696251317858696,0.24690861254930496,"[""Personal Care"", ""Household"", ""Shopping""]","[0.31653374433517456, 0.0696251317858696, 0.04582209140062332]",True,True
Shampoo شامبو,Personal Care,mixed,mixed_language,sentence-transformers/paraphrase-multilingual-MiniLM-L12-v2,Personal Care,0.44646841287612915,Household,0.36767783761024475,0.0787905752658844,"[""Personal Care"", ""Household"", ""Groceries""]","[0.44646841287612915, 0.36767783761024475, 0.19243767857551575]",True,True
Nivea كريم بشرة,Personal Care,mixed,mixed_language,sentence-transformers/paraphrase-multilingual-MiniLM-L12-v2,Personal Care,0.2946605980396271,Other,0.19001084566116333,0.10464975237846375,"[""Personal Care"", ""Other"", ""Medicine""]","[0.2946605980396271, 0.19001084566116333, 0.18813562393188477]",True,True
شامبو D0VE,Personal Care,mixed,ocr_noise,sentence-transformers/paraphrase-multilingual-MiniLM-L12-v2,Transport,0.09648732841014862,Other,0.08645571023225784,0.010031618177890778,"[""Transport"", ""Other"", ""Books""]","[0.09648732841014862, 0.08645571023225784, 0.08336353302001953]",False,False
G1LLETTE RAZ0R,Personal Care,en,ocr_noise,sentence-transformers/paraphrase-multilingual-MiniLM-L12-v2,Transport,0.029410960152745247,Books,0.029005207121372223,0.000405753031373024,"[""Transport"", ""Books"", ""Bills""]","[0.029410960152745247, 0.029005207121372223, 0.026540130376815796]",False,False
Service Fee,Other,en,clean,sentence-transformers/paraphrase-multilingual-MiniLM-L12-v2,Other,0.3230050802230835,Bills,0.2942655682563782,0.028739511966705322,"[""Other"", ""Bills"", ""Transport""]","[0.3230050802230835, 0.2942655682563782, 0.05152100324630737]",True,True
Charity Donation,Other,en,clean,sentence-transformers/paraphrase-multilingual-MiniLM-L12-v2,Other,0.48876267671585083,Medicine,0.2312280535697937,0.25753462314605713,"[""Other"", ""Medicine"", ""Bills""]","[0.48876267671585083, 0.2312280535697937, 0.19190117716789246]",True,True
Document Printing,Other,en,clean,sentence-transformers/paraphrase-multilingual-MiniLM-L12-v2,Books,0.30090922117233276,Other,0.20461909472942352,0.09629012644290924,"[""Books"", ""Other"", ""Bills""]","[0.30090922117233276, 0.20461909472942352, 0.14015048742294312]",False,True
Delivery Fee,Other,en,clean,sentence-transformers/paraphrase-multilingual-MiniLM-L12-v2,Other,0.3704795241355896,Bills,0.2638300359249115,0.1066494882106781,"[""Other"", ""Bills"", ""Groceries""]","[0.3704795241355896, 0.2638300359249115, 0.15413039922714233]",True,True
رسوم خدمة,Other,ar,clean,sentence-transformers/paraphrase-multilingual-MiniLM-L12-v2,Other,0.4107500910758972,Bills,0.36793309450149536,0.042816996574401855,"[""Other"", ""Bills"", ""Shopping""]","[0.4107500910758972, 0.36793309450149536, 0.12212871760129929]",True,True
تبرع خيري,Other,ar,clean,sentence-transformers/paraphrase-multilingual-MiniLM-L12-v2,Other,0.4789476990699768,Bills,0.21516728401184082,0.263780415058136,"[""Other"", ""Bills"", ""Medicine""]","[0.4789476990699768, 0.21516728401184082, 0.20309460163116455]",True,True
طباعة مستندات,Other,ar,clean,sentence-transformers/paraphrase-multilingual-MiniLM-L12-v2,Books,0.3704654574394226,Other,0.2796666920185089,0.0907987654209137,"[""Books"", ""Other"", ""Household""]","[0.3704654574394226, 0.2796666920185089, 0.18196788430213928]",False,True
مصاريف متنوعة,Other,ar,clean,sentence-transformers/paraphrase-multilingual-MiniLM-L12-v2,Other,0.6220860481262207,Bills,0.4987373948097229,0.1233486533164978,"[""Other"", ""Bills"", ""Groceries""]","[0.6220860481262207, 0.4987373948097229, 0.39792293310165405]",True,True
Delivery رسوم,Other,mixed,mixed_language,sentence-transformers/paraphrase-multilingual-MiniLM-L12-v2,Other,0.4320000112056732,Groceries,0.2844388484954834,0.14756116271018982,"[""Other"", ""Groceries"", ""Restaurants""]","[0.4320000112056732, 0.2844388484954834, 0.2544800639152527]",True,True
Service مصاريف,Other,mixed,mixed_language,sentence-transformers/paraphrase-multilingual-MiniLM-L12-v2,Other,0.47472327947616577,Bills,0.4548131823539734,0.019910097122192383,"[""Other"", ""Bills"", ""Transport""]","[0.47472327947616577, 0.4548131823539734, 0.19846360385417938]",True,True
SERV1CE FEE,Other,en,ocr_noise,sentence-transformers/paraphrase-multilingual-MiniLM-L12-v2,Books,0.10342312604188919,Other,0.06342048943042755,0.04000263661146164,"[""Books"", ""Other"", ""Transport""]","[0.10342312604188919, 0.06342048943042755, 0.05722656100988388]",False,True
M1SC EXPENSE,Other,en,ocr_noise,sentence-transformers/paraphrase-multilingual-MiniLM-L12-v2,Other,0.21636924147605896,Bills,0.18814250826835632,0.028226733207702637,"[""Other"", ""Bills"", ""Transport""]","[0.21636924147605896, 0.18814250826835632, 0.07877026498317719]",True,True
Atomic Habits,Books,en,clean,sentence-transformers/paraphrase-multilingual-MiniLM-L12-v2,Books,0.1669371873140335,Entertainment,0.15413087606430054,0.012806311249732971,"[""Books"", ""Entertainment"", ""Transport""]","[0.1669371873140335, 0.15413087606430054, 0.13587310910224915]",True,True
Clean Code,Books,en,clean,sentence-transformers/paraphrase-multilingual-MiniLM-L12-v2,Household,0.21984539926052094,Books,0.12917008996009827,0.09067530930042267,"[""Household"", ""Books"", ""Other""]","[0.21984539926052094, 0.12917008996009827, 0.1209869235754013]",False,True
The Psychology of Money,Books,en,clean,sentence-transformers/paraphrase-multilingual-MiniLM-L12-v2,Other,0.3205908536911011,Bills,0.2843608558177948,0.036229997873306274,"[""Other"", ""Bills"", ""Entertainment""]","[0.3205908536911011, 0.2843608558177948, 0.1879960596561432]",False,False
The Pragmatic Programmer,Books,en,clean,sentence-transformers/paraphrase-multilingual-MiniLM-L12-v2,Books,0.1987154334783554,Transport,0.19850316643714905,0.00021226704120635986,"[""Books"", ""Transport"", ""Bills""]","[0.1987154334783554, 0.19850316643714905, 0.1572989821434021]",True,True
العادات الذرية,Books,ar,clean,sentence-transformers/paraphrase-multilingual-MiniLM-L12-v2,Books,0.1979641318321228,Entertainment,0.17053423821926117,0.027429893612861633,"[""Books"", ""Entertainment"", ""Transport""]","[0.1979641318321228, 0.17053423821926117, 0.156354621052742]",True,True
كتاب فن اللامبالاة,Books,ar,clean,sentence-transformers/paraphrase-multilingual-MiniLM-L12-v2,Books,0.3453258275985718,Other,0.20679107308387756,0.1385347545146942,"[""Books"", ""Other"", ""Entertainment""]","[0.3453258275985718, 0.20679107308387756, 0.1833469271659851]",True,True
رواية أولاد حارتنا,Books,ar,clean,sentence-transformers/paraphrase-multilingual-MiniLM-L12-v2,Books,0.36404043436050415,Entertainment,0.18806782364845276,0.1759726107120514,"[""Books"", ""Entertainment"", ""Other""]","[0.36404043436050415, 0.18806782364845276, 0.17529508471488953]",True,True
كتاب تعلم بايثون,Books,ar,clean,sentence-transformers/paraphrase-multilingual-MiniLM-L12-v2,Books,0.4561271071434021,Other,0.15503548085689545,0.30109162628650665,"[""Books"", ""Other"", ""Medicine""]","[0.4561271071434021, 0.15503548085689545, 0.11104118824005127]",True,True
Clean Code كتاب,Books,mixed,mixed_language,sentence-transformers/paraphrase-multilingual-MiniLM-L12-v2,Books,0.33912336826324463,Household,0.19582520425319672,0.1432981640100479,"[""Books"", ""Household"", ""Other""]","[0.33912336826324463, 0.19582520425319672, 0.14474573731422424]",True,True
Atomic Habits نسخة عربية,Books,mixed,mixed_language,sentence-transformers/paraphrase-multilingual-MiniLM-L12-v2,Books,0.21335691213607788,Transport,0.1182570606470108,0.09509985148906708,"[""Books"", ""Transport"", ""Entertainment""]","[0.21335691213607788, 0.1182570606470108, 0.11336403340101242]",True,True
AT0MIC HAB1TS,Books,en,ocr_noise,sentence-transformers/paraphrase-multilingual-MiniLM-L12-v2,Transport,0.03153485432267189,Books,0.013821803033351898,0.017713051289319992,"[""Transport"", ""Books"", ""Bills""]","[0.03153485432267189, 0.013821803033351898, -0.007166780065745115]",False,True
CLEAN C0DE,Books,en,ocr_noise,sentence-transformers/paraphrase-multilingual-MiniLM-L12-v2,Household,0.32441025972366333,Personal Care,0.16138915717601776,0.16302110254764557,"[""Household"", ""Personal Care"", ""Transport""]","[0.32441025972366333, 0.16138915717601776, 0.09306137263774872]",False,False
Chicken Breast,Groceries,en,clean,intfloat/multilingual-e5-small,Groceries,0.7947202324867249,Fruits & Vegetables,0.7839349508285522,0.010785281658172607,"[""Groceries"", ""Fruits & Vegetables"", ""Entertainment""]","[0.7947202324867249, 0.7839349508285522, 0.7796576023101807]",True,True
Milk 1L,Groceries,en,clean,intfloat/multilingual-e5-small,Groceries,0.8408423066139221,Medicine,0.8204478025436401,0.020394504070281982,"[""Groceries"", ""Medicine"", ""Fruits & Vegetables""]","[0.8408423066139221, 0.8204478025436401, 0.8122069835662842]",True,True
Rice 1KG,Groceries,en,clean,intfloat/multilingual-e5-small,Groceries,0.831963300704956,Medicine,0.8197160959243774,0.012247204780578613,"[""Groceries"", ""Medicine"", ""Fruits & Vegetables""]","[0.831963300704956, 0.8197160959243774, 0.8127376437187195]",True,True
Egyptian White Cheese,Groceries,en,clean,intfloat/multilingual-e5-small,Fruits & Vegetables,0.8140977621078491,Restaurants,0.813804030418396,0.000293731689453125,"[""Fruits & Vegetables"", ""Restaurants"", ""Medicine""]","[0.8140977621078491, 0.813804030418396, 0.8044753074645996]",False,False
صدور فراخ,Groceries,ar,clean,intfloat/multilingual-e5-small,Fruits & Vegetables,0.804541826248169,Groceries,0.8020811676979065,0.002460658550262451,"[""Fruits & Vegetables"", ""Groceries"", ""Restaurants""]","[0.804541826248169, 0.8020811676979065, 0.8010306358337402]",False,True
لبن كامل الدسم,Groceries,ar,clean,intfloat/multilingual-e5-small,Groceries,0.8106569051742554,Fruits & Vegetables,0.807560384273529,0.0030965209007263184,"[""Groceries"", ""Fruits & Vegetables"", ""Personal Care""]","[0.8106569051742554, 0.807560384273529, 0.8055681586265564]",True,True
كيس أرز 1 كيلو,Groceries,ar,clean,intfloat/multilingual-e5-small,Groceries,0.83824622631073,Transport,0.8264453411102295,0.011800885200500488,"[""Groceries"", ""Transport"", ""Restaurants""]","[0.83824622631073, 0.8264453411102295, 0.8238011598587036]",True,True
علبة تونة,Groceries,ar,clean,intfloat/multilingual-e5-small,Bills,0.8173636198043823,Medicine,0.8135353326797485,0.003828287124633789,"[""Bills"", ""Medicine"", ""Groceries""]","[0.8173636198043823, 0.8135353326797485, 0.813366174697876]",False,True
Fresh Milk لبن,Groceries,mixed,mixed_language,intfloat/multilingual-e5-small,Groceries,0.8581053614616394,Fruits & Vegetables,0.8557019233703613,0.002403438091278076,"[""Groceries"", ""Fruits & Vegetables"", ""Restaurants""]","[0.8581053614616394, 0.8557019233703613, 0.8292430639266968]",True,True
Chicken فراخ مجمدة,Groceries,mixed,mixed_language,intfloat/multilingual-e5-small,Groceries,0.8466612100601196,Restaurants,0.8362828493118286,0.010378360748291016,"[""Groceries"", ""Restaurants"", ""Fruits & Vegetables""]","[0.8466612100601196, 0.8362828493118286, 0.8349467515945435]",True,True
M1LK 1L,Groceries,en,ocr_noise,intfloat/multilingual-e5-small,Medicine,0.8006196022033691,Bills,0.8001512289047241,0.00046837329864501953,"[""Medicine"", ""Bills"", ""Groceries""]","[0.8006196022033691, 0.8001512289047241, 0.7995401620864868]",False,True
R1CE 1KG,Groceries,en,ocr_noise,intfloat/multilingual-e5-small,Medicine,0.8181403875350952,Groceries,0.8153996467590332,0.0027407407760620117,"[""Medicine"", ""Groceries"", ""Restaurants""]","[0.8181403875350952, 0.8153996467590332, 0.8122985363006592]",False,True
Banana,Fruits & Vegetables,en,clean,intfloat/multilingual-e5-small,Fruits & Vegetables,0.8302178382873535,Groceries,0.8069428205490112,0.023275017738342285,"[""Fruits & Vegetables"", ""Groceries"", ""Entertainment""]","[0.8302178382873535, 0.8069428205490112, 0.8046060800552368]",True,True
Fresh Tomatoes,Fruits & Vegetables,en,clean,intfloat/multilingual-e5-small,Fruits & Vegetables,0.8575749397277832,Restaurants,0.8113365769386292,0.04623836278915405,"[""Fruits & Vegetables"", ""Restaurants"", ""Groceries""]","[0.8575749397277832, 0.8113365769386292, 0.8068424463272095]",True,True
Green Apples,Fruits & Vegetables,en,clean,intfloat/multilingual-e5-small,Fruits & Vegetables,0.8141758441925049,Restaurants,0.7883478403091431,0.025828003883361816,"[""Fruits & Vegetables"", ""Restaurants"", ""Entertainment""]","[0.8141758441925049, 0.7883478403091431, 0.7824580669403076]",True,True
Cucumber Pack,Fruits & Vegetables,en,clean,intfloat/multilingual-e5-small,Groceries,0.8150204420089722,Medicine,0.8035250306129456,0.011495411396026611,"[""Groceries"", ""Medicine"", ""Fruits & Vegetables""]","[0.8150204420089722, 0.8035250306129456, 0.8029463291168213]",False,True
طماطم,Fruits & Vegetables,ar,clean,intfloat/multilingual-e5-small,Fruits & Vegetables,0.8598965406417847,Groceries,0.803882360458374,0.056014180183410645,"[""Fruits & Vegetables"", ""Groceries"", ""Medicine""]","[0.8598965406417847, 0.803882360458374, 0.8028525710105896]",True,True
تفاح,Fruits & Vegetables,ar,clean,intfloat/multilingual-e5-small,Fruits & Vegetables,0.8494285345077515,Restaurants,0.8172048926353455,0.032223641872406006,"[""Fruits & Vegetables"", ""Restaurants"", ""Groceries""]","[0.8494285345077515, 0.8172048926353455, 0.8067837953567505]",True,True
موز بلدي,Fruits & Vegetables,ar,clean,intfloat/multilingual-e5-small,Fruits & Vegetables,0.8270763158798218,Transport,0.8142002820968628,0.012876033782958984,"[""Fruits & Vegetables"", ""Transport"", ""Bills""]","[0.8270763158798218, 0.8142002820968628, 0.8068855404853821]",True,True
خيار طازج,Fruits & Vegetables,ar,clean,intfloat/multilingual-e5-small,Transport,0.8241642713546753,Fruits & Vegetables,0.8208228349685669,0.0033414363861083984,"[""Transport"", ""Fruits & Vegetables"", ""Restaurants""]","[0.8241642713546753, 0.8208228349685669, 0.8204277753829956]",False,True
Banana موز,Fruits & Vegetables,mixed,mixed_language,intfloat/multilingual-e5-small,Fruits & Vegetables,0.8428239822387695,Groceries,0.8049880266189575,0.03783595561981201,"[""Fruits & Vegetables"", ""Groceries"", ""Entertainment""]","[0.8428239822387695, 0.8049880266189575, 0.7975906133651733]",True,True
Fresh طماطم,Fruits & Vegetables,mixed,mixed_language,intfloat/multilingual-e5-small,Fruits & Vegetables,0.8893202543258667,Groceries,0.8324507474899292,0.0568695068359375,"[""Fruits & Vegetables"", ""Groceries"", ""Restaurants""]","[0.8893202543258667, 0.8324507474899292, 0.8297563195228577]",True,True
T0MAT0ES,Fruits & Vegetables,en,ocr_noise,intfloat/multilingual-e5-small,Entertainment,0.8116590976715088,Fruits & Vegetables,0.8103722929954529,0.0012868046760559082,"[""Entertainment"", ""Fruits & Vegetables"", ""Restaurants""]","[0.8116590976715088, 0.8103722929954529, 0.8063522577285767]",False,True
تفـاح,Fruits & Vegetables,ar,ocr_noise,intfloat/multilingual-e5-small,Entertainment,0.8248790502548218,Restaurants,0.8244798183441162,0.0003992319107055664,"[""Entertainment"", ""Restaurants"", ""Transport""]","[0.8248790502548218, 0.8244798183441162, 0.823460578918457]",False,False
McChicken Meal,Restaurants,en,clean,intfloat/multilingual-e5-small,Restaurants,0.8177557587623596,Groceries,0.8098739385604858,0.00788182020187378,"[""Restaurants"", ""Groceries"", ""Entertainment""]","[0.8177557587623596, 0.8098739385604858, 0.7985063791275024]",True,True
Margherita Pizza,Restaurants,en,clean,intfloat/multilingual-e5-small,Restaurants,0.7815450429916382,Groceries,0.7793449759483337,0.0022000670433044434,"[""Restaurants"", ""Groceries"", ""Entertainment""]","[0.7815450429916382, 0.7793449759483337, 0.7771908044815063]",True,True
Cappuccino,Restaurants,en,clean,intfloat/multilingual-e5-small,Restaurants,0.8320848941802979,Groceries,0.8071643114089966,0.02492058277130127,"[""Restaurants"", ""Groceries"", ""Personal Care""]","[0.8320848941802979, 0.8071643114089966, 0.7982614040374756]",True,True
KFC Family Meal,Restaurants,en,clean,intfloat/multilingual-e5-small,Groceries,0.8184405565261841,Restaurants,0.8168690204620361,0.0015715360641479492,"[""Groceries"", ""Restaurants"", ""Bills""]","[0.8184405565261841, 0.8168690204620361, 0.7965718507766724]",False,True
بيتزا مارجريتا,Restaurants,ar,clean,intfloat/multilingual-e5-small,Transport,0.763643741607666,Restaurants,0.7609742283821106,0.00266951322555542,"[""Transport"", ""Restaurants"", ""Personal Care""]","[0.763643741607666, 0.7609742283821106, 0.7597248554229736]",False,True
وجبة برجر,Restaurants,ar,clean,intfloat/multilingual-e5-small,Restaurants,0.8155723810195923,Fruits & Vegetables,0.8114446997642517,0.004127681255340576,"[""Restaurants"", ""Fruits & Vegetables"", ""Groceries""]","[0.8155723810195923, 0.8114446997642517, 0.8051697015762329]",True,True
قهوة لاتيه,Restaurants,ar,clean,intfloat/multilingual-e5-small,Restaurants,0.8361155390739441,Transport,0.8129217624664307,0.023193776607513428,"[""Restaurants"", ""Transport"", ""Personal Care""]","[0.8361155390739441, 0.8129217624664307, 0.8125699162483215]",True,True
ساندوتش شاورما,Restaurants,ar,clean,intfloat/multilingual-e5-small,Entertainment,0.7575700283050537,Groceries,0.7541640996932983,0.003405928611755371,"[""Entertainment"", ""Groceries"", ""Fruits & Vegetables""]","[0.7575700283050537, 0.7541640996932983, 0.7478749752044678]",False,False
Coffee قهوة,Restaurants,mixed,mixed_language,intfloat/multilingual-e5-small,Restaurants,0.8824484348297119,Fruits & Vegetables,0.844668447971344,0.03777998685836792,"[""Restaurants"", ""Fruits & Vegetables"", ""Groceries""]","[0.8824484348297119, 0.844668447971344, 0.841812252998352]",True,True
Burger وجبة,Restaurants,mixed,mixed_language,intfloat/multilingual-e5-small,Restaurants,0.8475258946418762,Fruits & Vegetables,0.8323689699172974,0.015156924724578857,"[""Restaurants"", ""Fruits & Vegetables"", ""Groceries""]","[0.8475258946418762, 0.8323689699172974, 0.8312032222747803]",True,True
McCh1cken MeaI,Restaurants,en,ocr_noise,intfloat/multilingual-e5-small,Entertainment,0.8136050701141357,Restaurants,0.8130701184272766,0.0005349516868591309,"[""Entertainment"", ""Restaurants"", ""Medicine""]","[0.8136050701141357, 0.8130701184272766, 0.8083279132843018]",False,True
P1ZZA MARGHER1TA,Restaurants,en,ocr_noise,intfloat/multilingual-e5-small,Personal Care,0.7972759008407593,Groceries,0.7922462821006775,0.005029618740081787,"[""Personal Care"", ""Groceries"", ""Entertainment""]","[0.7972759008407593, 0.7922462821006775, 0.791272759437561]",False,False
Uber Trip,Transport,en,clean,intfloat/multilingual-e5-small,Transport,0.8257887363433838,Entertainment,0.8059476017951965,0.019841134548187256,"[""Transport"", ""Entertainment"", ""Bills""]","[0.8257887363433838, 0.8059476017951965, 0.8034635782241821]",True,True
Careem Ride,Transport,en,clean,intfloat/multilingual-e5-small,Transport,0.8116110563278198,Entertainment,0.8055058717727661,0.006105184555053711,"[""Transport"", ""Entertainment"", ""Shopping""]","[0.8116110563278198, 0.8055058717727661, 0.7891228199005127]",True,True
Cairo Metro Ticket,Transport,en,clean,intfloat/multilingual-e5-small,Transport,0.8269923329353333,Bills,0.7912571430206299,0.03573518991470337,"[""Transport"", ""Bills"", ""Entertainment""]","[0.8269923329353333, 0.7912571430206299, 0.7897584438323975]",True,True
Gasoline 92,Transport,en,clean,intfloat/multilingual-e5-small,Transport,0.7899780869483948,Bills,0.7881309986114502,0.00184708833694458,"[""Transport"", ""Bills"", ""Entertainment""]","[0.7899780869483948, 0.7881309986114502, 0.7848905920982361]",True,True
رحلة أوبر,Transport,ar,clean,intfloat/multilingual-e5-small,Transport,0.8133483529090881,Entertainment,0.7972103357315063,0.016138017177581787,"[""Transport"", ""Entertainment"", ""Books""]","[0.8133483529090881, 0.7972103357315063, 0.7924817800521851]",True,True
مشوار كريم,Transport,ar,clean,intfloat/multilingual-e5-small,Personal Care,0.8282487392425537,Transport,0.8282393217086792,9.417533874511719e-06,"[""Personal Care"", ""Transport"", ""Entertainment""]","[0.8282487392425537, 0.8282393217086792, 0.8087561130523682]",False,True
تذكرة مترو,Transport,ar,clean,intfloat/multilingual-e5-small,Transport,0.8626983165740967,Entertainment,0.8213722705841064,0.041326045989990234,"[""Transport"", ""Entertainment"", ""Restaurants""]","[0.8626983165740967, 0.8213722705841064, 0.8120765686035156]",True,True
بنزين 92,Transport,ar,clean,intfloat/multilingual-e5-small,Transport,0.816392183303833,Fruits & Vegetables,0.8039326667785645,0.012459516525268555,"[""Transport"", ""Fruits & Vegetables"", ""Entertainment""]","[0.816392183303833, 0.8039326667785645, 0.7990818023681641]",True,True
Uber مشوار,Transport,mixed,mixed_language,intfloat/multilingual-e5-small,Transport,0.8180469274520874,Restaurants,0.7984346747398376,0.019612252712249756,"[""Transport"", ""Restaurants"", ""Bills""]","[0.8180469274520874, 0.7984346747398376, 0.7982323169708252]",True,True
Careem رحلة,Transport,mixed,mixed_language,intfloat/multilingual-e5-small,Transport,0.8363692760467529,Personal Care,0.8223387002944946,0.0140305757522583,"[""Transport"", ""Personal Care"", ""Entertainment""]","[0.8363692760467529, 0.8223387002944946, 0.8217677474021912]",True,True
UBER TR1P,Transport,en,ocr_noise,intfloat/multilingual-e5-small,Transport,0.8057016730308533,Entertainment,0.8021886348724365,0.003513038158416748,"[""Transport"", ""Entertainment"", ""Medicine""]","[0.8057016730308533, 0.8021886348724365, 0.8008328676223755]",True,True
CAR EEM R1DE,Transport,en,ocr_noise,intfloat/multilingual-e5-small,Transport,0.8224837779998779,Shopping,0.8161979913711548,0.0062857866287231445,"[""Transport"", ""Shopping"", ""Bills""]","[0.8224837779998779, 0.8161979913711548, 0.8087109327316284]",True,True
Dettol Floor Cleaner,Household,en,clean,intfloat/multilingual-e5-small,Household,0.8342116475105286,Personal Care,0.813687801361084,0.02052384614944458,"[""Household"", ""Personal Care"", ""Medicine""]","[0.8342116475105286, 0.813687801361084, 0.7981199026107788]",True,True
Fairy Dishwashing Liquid,Household,en,clean,intfloat/multilingual-e5-small,Household,0.8315005302429199,Groceries,0.8110593557357788,0.020441174507141113,"[""Household"", ""Groceries"", ""Personal Care""]","[0.8315005302429199, 0.8110593557357788, 0.8088709115982056]",True,True
Persil Gel,Household,en,clean,intfloat/multilingual-e5-small,Personal Care,0.8124898672103882,Medicine,0.807357668876648,0.005132198333740234,"[""Personal Care"", ""Medicine"", ""Groceries""]","[0.8124898672103882, 0.807357668876648, 0.7970592975616455]",False,False
Clorox Bleach,Household,en,clean,intfloat/multilingual-e5-small,Household,0.8101660013198853,Medicine,0.8031463623046875,0.007019639015197754,"[""Household"", ""Medicine"", ""Personal Care""]","[0.8101660013198853, 0.8031463623046875, 0.8008166551589966]",True,True
منظف أرضيات ديتول,Household,ar,clean,intfloat/multilingual-e5-small,Household,0.8260619640350342,Transport,0.8069493770599365,0.019112586975097656,"[""Household"", ""Transport"", ""Personal Care""]","[0.8260619640350342, 0.8069493770599365, 0.8060305118560791]",True,True
سائل غسيل أطباق,Household,ar,clean,intfloat/multilingual-e5-small,Household,0.8652005195617676,Groceries,0.8480396270751953,0.017160892486572266,"[""Household"", ""Groceries"", ""Personal Care""]","[0.8652005195617676, 0.8480396270751953, 0.842326283454895]",True,True
مسحوق غسيل برسيل,Household,ar,clean,intfloat/multilingual-e5-small,Household,0.8404516577720642,Personal Care,0.8280743360519409,0.012377321720123291,"[""Household"", ""Personal Care"", ""Transport""]","[0.8404516577720642, 0.8280743360519409, 0.8218706846237183]",True,True
كلور مبيض,Household,ar,clean,intfloat/multilingual-e5-small,Entertainment,0.7711167931556702,Personal Care,0.764252781867981,0.006864011287689209,"[""Entertainment"", ""Personal Care"", ""Books""]","[0.7711167931556702, 0.764252781867981, 0.7555897235870361]",False,False
Dettol منظف أرضيات,Household,mixed,mixed_language,intfloat/multilingual-e5-small,Household,0.8440545797348022,Personal Care,0.8310257196426392,0.013028860092163086,"[""Household"", ""Personal Care"", ""Transport""]","[0.8440545797348022, 0.8310257196426392, 0.8279412984848022]",True,True
Fairy صابون أطباق,Household,mixed,mixed_language,intfloat/multilingual-e5-small,Personal Care,0.8618639707565308,Restaurants,0.8510477542877197,0.010816216468811035,"[""Personal Care"", ""Restaurants"", ""Household""]","[0.8618639707565308, 0.8510477542877197, 0.8502919673919678]",False,True
DettoI Floor C1eaner,Household,en,ocr_noise,intfloat/multilingual-e5-small,Personal Care,0.8164728879928589,Entertainment,0.8136812448501587,0.0027916431427001953,"[""Personal Care"", ""Entertainment"", ""Transport""]","[0.8164728879928589, 0.8136812448501587, 0.8093414306640625]",False,False
PersiI GeI,Household,en,ocr_noise,intfloat/multilingual-e5-small,Bills,0.8002505302429199,Entertainment,0.799826979637146,0.0004235506057739258,"[""Bills"", ""Entertainment"", ""Transport""]","[0.8002505302429199, 0.799826979637146, 0.7940371632575989]",False,False
Panadol Extra,Medicine,en,clean,intfloat/multilingual-e5-small,Medicine,0.8061943054199219,Groceries,0.8061857223510742,8.58306884765625e-06,"[""Medicine"", ""Groceries"", ""Fruits & Vegetables""]","[0.8061943054199219, 0.8061857223510742, 0.8060823082923889]",True,True
Brufen 400,Medicine,en,clean,intfloat/multilingual-e5-small,Personal Care,0.793062150478363,Transport,0.7895489931106567,0.003513157367706299,"[""Personal Care"", ""Transport"", ""Bills""]","[0.793062150478363, 0.7895489931106567, 0.7877166271209717]",False,False
Folic Acid 600 MCG,Medicine,en,clean,intfloat/multilingual-e5-small,Medicine,0.812602162361145,Entertainment,0.7985091805458069,0.014092981815338135,"[""Medicine"", ""Entertainment"", ""Personal Care""]","[0.812602162361145, 0.7985091805458069, 0.7975001335144043]",True,True
Immulant Plus 20 Cap,Medicine,en,clean,intfloat/multilingual-e5-small,Medicine,0.8069946765899658,Entertainment,0.8063192367553711,0.0006754398345947266,"[""Medicine"", ""Entertainment"", ""Bills""]","[0.8069946765899658, 0.8063192367553711, 0.8055155277252197]",True,True
بنادول إكسترا,Medicine,ar,clean,intfloat/multilingual-e5-small,Entertainment,0.7865021228790283,Fruits & Vegetables,0.7843049764633179,0.0021971464157104492,"[""Entertainment"", ""Fruits & Vegetables"", ""Bills""]","[0.7865021228790283, 0.7843049764633179, 0.7836018800735474]",False,False
بروفين 400,Medicine,ar,clean,intfloat/multilingual-e5-small,Personal Care,0.804663896560669,Transport,0.8029487133026123,0.0017151832580566406,"[""Personal Care"", ""Transport"", ""Medicine""]","[0.804663896560669, 0.8029487133026123, 0.8025394678115845]",False,True
حمض الفوليك,Medicine,ar,clean,intfloat/multilingual-e5-small,Medicine,0.8187912702560425,Fruits & Vegetables,0.811820387840271,0.006970882415771484,"[""Medicine"", ""Fruits & Vegetables"", ""Personal Care""]","[0.8187912702560425, 0.811820387840271, 0.8101455569267273]",True,True
فيتامين سي,Medicine,ar,clean,intfloat/multilingual-e5-small,Medicine,0.8305966854095459,Personal Care,0.8104530572891235,0.020143628120422363,"[""Medicine"", ""Personal Care"", ""Fruits & Vegetables""]","[0.8305966854095459, 0.8104530572891235, 0.8096586465835571]",True,True
Panadol مسكن,Medicine,mixed,mixed_language,intfloat/multilingual-e5-small,Transport,0.8153489828109741,Fruits & Vegetables,0.8117715716362,0.00357741117477417,"[""Transport"", ""Fruits & Vegetables"", ""Personal Care""]","[0.8153489828109741, 0.8117715716362, 0.8103737831115723]",False,False
Vitamin D فيتامين,Medicine,mixed,mixed_language,intfloat/multilingual-e5-small,Medicine,0.849555253982544,Personal Care,0.8339202404022217,0.015635013580322266,"[""Medicine"", ""Personal Care"", ""Fruits & Vegetables""]","[0.849555253982544, 0.8339202404022217, 0.8247519731521606]",True,True
PANAD0L EXTRA,Medicine,en,ocr_noise,intfloat/multilingual-e5-small,Groceries,0.804563045501709,Fruits & Vegetables,0.7985233068466187,0.006039738655090332,"[""Groceries"", ""Fruits & Vegetables"", ""Bills""]","[0.804563045501709, 0.7985233068466187, 0.7951757907867432]",False,False
F0LIC ACID 600 MCG,Medicine,en,ocr_noise,intfloat/multilingual-e5-small,Medicine,0.8156057596206665,Groceries,0.8037470579147339,0.011858701705932617,"[""Medicine"", ""Groceries"", ""Entertainment""]","[0.8156057596206665, 0.8037470579147339, 0.800706148147583]",True,True
MLANT PLUS 20 CAP,Medicine,en,ocr_noise,intfloat/multilingual-e5-small,Groceries,0.7967489957809448,Medicine,0.7958478927612305,0.0009011030197143555,"[""Groceries"", ""Medicine"", ""Restaurants""]","[0.7967489957809448, 0.7958478927612305, 0.7890799641609192]",False,True
FoLic AciD 600 McG,Medicine,en,ocr_noise,intfloat/multilingual-e5-small,Medicine,0.804894208908081,Entertainment,0.7973731756210327,0.00752103328704834,"[""Medicine"", ""Entertainment"", ""Groceries""]","[0.804894208908081, 0.7973731756210327, 0.7944126129150391]",True,True
Cotton T Shirt,Shopping,en,clean,intfloat/multilingual-e5-small,Shopping,0.7958134412765503,Medicine,0.7822443246841431,0.013569116592407227,"[""Shopping"", ""Medicine"", ""Entertainment""]","[0.7958134412765503, 0.7822443246841431, 0.7805138826370239]",True,True
Running Shoes,Shopping,en,clean,intfloat/multilingual-e5-small,Shopping,0.8018150329589844,Entertainment,0.7793431282043457,0.022471904754638672,"[""Shopping"", ""Entertainment"", ""Restaurants""]","[0.8018150329589844, 0.7793431282043457, 0.7735437154769897]",True,True
Wireless Headphones,Shopping,en,clean,intfloat/multilingual-e5-small,Entertainment,0.801612138748169,Bills,0.7981811761856079,0.003430962562561035,"[""Entertainment"", ""Bills"", ""Medicine""]","[0.801612138748169, 0.7981811761856079, 0.7976250052452087]",False,False
Phone Charger,Shopping,en,clean,intfloat/multilingual-e5-small,Bills,0.8240969181060791,Shopping,0.8140103220939636,0.010086596012115479,"[""Bills"", ""Shopping"", ""Entertainment""]","[0.8240969181060791, 0.8140103220939636, 0.8086086511611938]",False,True
تيشيرت قطن,Shopping,ar,clean,intfloat/multilingual-e5-small,Transport,0.837655782699585,Restaurants,0.8129896521568298,0.024666130542755127,"[""Transport"", ""Restaurants"", ""Groceries""]","[0.837655782699585, 0.8129896521568298, 0.811948835849762]",False,False
حذاء رياضي,Shopping,ar,clean,intfloat/multilingual-e5-small,Shopping,0.8267596960067749,Entertainment,0.8149987459182739,0.011760950088500977,"[""Shopping"", ""Entertainment"", ""Bills""]","[0.8267596960067749, 0.8149987459182739, 0.8051128387451172]",True,True
سماعات بلوتوث,Shopping,ar,clean,intfloat/multilingual-e5-small,Entertainment,0.8101078271865845,Bills,0.8040030002593994,0.006104826927185059,"[""Entertainment"", ""Bills"", ""Personal Care""]","[0.8101078271865845, 0.8040030002593994, 0.7963568568229675]",False,False
شاحن موبايل,Shopping,ar,clean,intfloat/multilingual-e5-small,Bills,0.7992932796478271,Transport,0.7935884594917297,0.005704820156097412,"[""Bills"", ""Transport"", ""Fruits & Vegetables""]","[0.7992932796478271, 0.7935884594917297, 0.789883017539978]",False,False
Nike حذاء,Shopping,mixed,mixed_language,intfloat/multilingual-e5-small,Shopping,0.8329833745956421,Fruits & Vegetables,0.8148279190063477,0.018155455589294434,"[""Shopping"", ""Fruits & Vegetables"", ""Personal Care""]","[0.8329833745956421, 0.8148279190063477, 0.8138455152511597]",True,True
Headphones سماعات,Shopping,mixed,mixed_language,intfloat/multilingual-e5-small,Entertainment,0.8390630483627319,Personal Care,0.8380299210548401,0.0010331273078918457,"[""Entertainment"", ""Personal Care"", ""Fruits & Vegetables""]","[0.8390630483627319, 0.8380299210548401, 0.8323858380317688]",False,False
W1RELESS HEADPH0NES,Shopping,en,ocr_noise,intfloat/multilingual-e5-small,Shopping,0.7981146574020386,Entertainment,0.7974759340286255,0.0006387233734130859,"[""Shopping"", ""Entertainment"", ""Bills""]","[0.7981146574020386, 0.7974759340286255, 0.7924826741218567]",True,True
PH0NE CHARGER,Shopping,en,ocr_noise,intfloat/multilingual-e5-small,Bills,0.7836016416549683,Entertainment,0.7817052602767944,0.0018963813781738281,"[""Bills"", ""Entertainment"", ""Shopping""]","[0.7836016416549683, 0.7817052602767944, 0.7774560451507568]",False,True
Electricity Bill,Bills,en,clean,intfloat/multilingual-e5-small,Bills,0.8625022172927856,Entertainment,0.8063138723373413,0.056188344955444336,"[""Bills"", ""Entertainment"", ""Shopping""]","[0.8625022172927856, 0.8063138723373413, 0.7984659075737]",True,True
WE Internet Bill,Bills,en,clean,intfloat/multilingual-e5-small,Bills,0.8453469276428223,Entertainment,0.8033696413040161,0.04197728633880615,"[""Bills"", ""Entertainment"", ""Shopping""]","[0.8453469276428223, 0.8033696413040161, 0.7878362536430359]",True,True
Water Utility Bill,Bills,en,clean,intfloat/multilingual-e5-small,Bills,0.8675646185874939,Other,0.806329071521759,0.06123554706573486,"[""Bills"", ""Other"", ""Household""]","[0.8675646185874939, 0.806329071521759, 0.8035491704940796]",True,True
Mobile Phone Bill,Bills,en,clean,intfloat/multilingual-e5-small,Bills,0.8584811091423035,Entertainment,0.8113611936569214,0.04711991548538208,"[""Bills"", ""Entertainment"", ""Other""]","[0.8584811091423035, 0.8113611936569214, 0.8042541742324829]",True,True
فاتورة كهرباء,Bills,ar,clean,intfloat/multilingual-e5-small,Bills,0.8679323196411133,Transport,0.8282965421676636,0.03963577747344971,"[""Bills"", ""Transport"", ""Restaurants""]","[0.8679323196411133, 0.8282965421676636, 0.825791597366333]",True,True
فاتورة انترنت WE,Bills,mixed,mixed_language,intfloat/multilingual-e5-small,Bills,0.8696063756942749,Entertainment,0.8350737690925598,0.03453260660171509,"[""Bills"", ""Entertainment"", ""Transport""]","[0.8696063756942749, 0.8350737690925598, 0.8294917345046997]",True,True
فاتورة مياه,Bills,ar,clean,intfloat/multilingual-e5-small,Bills,0.8673478364944458,Other,0.8307770490646362,0.03657078742980957,"[""Bills"", ""Other"", ""Transport""]","[0.8673478364944458, 0.8307770490646362, 0.8276768326759338]",True,True
فاتورة غاز,Bills,ar,clean,intfloat/multilingual-e5-small,Bills,0.862799882888794,Transport,0.8426030278205872,0.020196855068206787,"[""Bills"", ""Transport"", ""Restaurants""]","[0.862799882888794, 0.8426030278205872, 0.82855224609375]",True,True
Orange فاتورة موبايل,Bills,mixed,mixed_language,intfloat/multilingual-e5-small,Bills,0.8532127141952515,Transport,0.8410845994949341,0.012128114700317383,"[""Bills"", ""Transport"", ""Fruits & Vegetables""]","[0.8532127141952515, 0.8410845994949341, 0.8303276300430298]",True,True
Internet فاتورة شهرية,Bills,mixed,mixed_language,intfloat/multilingual-e5-small,Bills,0.8675323724746704,Entertainment,0.8314284682273865,0.036103904247283936,"[""Bills"", ""Entertainment"", ""Transport""]","[0.8675323724746704, 0.8314284682273865, 0.8292992115020752]",True,True
ELECTR1C1TY B1LL,Bills,en,ocr_noise,intfloat/multilingual-e5-small,Bills,0.8263221979141235,Entertainment,0.8149586915969849,0.011363506317138672,"[""Bills"", ""Entertainment"", ""Shopping""]","[0.8263221979141235, 0.8149586915969849, 0.8142940998077393]",True,True
WE 1NTERNET B1LL,Bills,en,ocr_noise,intfloat/multilingual-e5-small,Bills,0.8039112091064453,Entertainment,0.7987855076789856,0.005125701427459717,"[""Bills"", ""Entertainment"", ""Groceries""]","[0.8039112091064453, 0.7987855076789856, 0.7937082052230835]",True,True
Netflix,Entertainment,en,clean,intfloat/multilingual-e5-small,Entertainment,0.837605357170105,Books,0.8145904541015625,0.02301490306854248,"[""Entertainment"", ""Books"", ""Bills""]","[0.837605357170105, 0.8145904541015625, 0.8121377229690552]",True,True
Cinema Ticket,Entertainment,en,clean,intfloat/multilingual-e5-small,Entertainment,0.8460521697998047,Transport,0.7949841022491455,0.05106806755065918,"[""Entertainment"", ""Transport"", ""Bills""]","[0.8460521697998047, 0.7949841022491455, 0.7885686755180359]",True,True
PlayStation Game,Entertainment,en,clean,intfloat/multilingual-e5-small,Entertainment,0.8139966726303101,Shopping,0.7912270426750183,0.022769629955291748,"[""Entertainment"", ""Shopping"", ""Bills""]","[0.8139966726303101, 0.7912270426750183, 0.7891552448272705]",True,True
Concert Ticket,Entertainment,en,clean,intfloat/multilingual-e5-small,Entertainment,0.8154023885726929,Other,0.7895108461380005,0.025891542434692383,"[""Entertainment"", ""Other"", ""Bills""]","[0.8154023885726929, 0.7895108461380005, 0.7790936231613159]",True,True
تذكرة سينما,Entertainment,ar,clean,intfloat/multilingual-e5-small,Entertainment,0.8554630279541016,Transport,0.8208168148994446,0.03464621305465698,"[""Entertainment"", ""Transport"", ""Restaurants""]","[0.8554630279541016, 0.8208168148994446, 0.8105180263519287]",True,True
اشتراك مشاهدة أفلام,Entertainment,ar,clean,intfloat/multilingual-e5-small,Entertainment,0.8792068362236023,Shopping,0.8228952884674072,0.05631154775619507,"[""Entertainment"", ""Shopping"", ""Restaurants""]","[0.8792068362236023, 0.8228952884674072, 0.8179319500923157]",True,True
لعبة بلايستيشن,Entertainment,ar,clean,intfloat/multilingual-e5-small,Entertainment,0.8220694065093994,Transport,0.7993847131729126,0.022684693336486816,"[""Entertainment"", ""Transport"", ""Shopping""]","[0.8220694065093994, 0.7993847131729126, 0.7993602752685547]",True,True
تذكرة حفلة,Entertainment,ar,clean,intfloat/multilingual-e5-small,Entertainment,0.8476086854934692,Transport,0.819573163986206,0.028035521507263184,"[""Entertainment"", ""Transport"", ""Restaurants""]","[0.8476086854934692, 0.819573163986206, 0.8188492059707642]",True,True
Netflix اشتراك,Entertainment,mixed,mixed_language,intfloat/multilingual-e5-small,Entertainment,0.8635785579681396,Shopping,0.8316893577575684,0.03188920021057129,"[""Entertainment"", ""Shopping"", ""Bills""]","[0.8635785579681396, 0.8316893577575684, 0.8286030292510986]",True,True
Cinema تذكرة,Entertainment,mixed,mixed_language,intfloat/multilingual-e5-small,Entertainment,0.8736318349838257,Transport,0.8359693288803101,0.037662506103515625,"[""Entertainment"", ""Transport"", ""Restaurants""]","[0.8736318349838257, 0.8359693288803101, 0.8317582011222839]",True,True
NETFL1X,Entertainment,en,ocr_noise,intfloat/multilingual-e5-small,Entertainment,0.7951874136924744,Bills,0.7855257987976074,0.009661614894866943,"[""Entertainment"", ""Bills"", ""Shopping""]","[0.7951874136924744, 0.7855257987976074, 0.7792726755142212]",True,True
C1NEMA T1CKET,Entertainment,en,ocr_noise,intfloat/multilingual-e5-small,Entertainment,0.807734489440918,Shopping,0.7947709560394287,0.012963533401489258,"[""Entertainment"", ""Shopping"", ""Restaurants""]","[0.807734489440918, 0.7947709560394287, 0.793972373008728]",True,True
Dove Shampoo,Personal Care,en,clean,intfloat/multilingual-e5-small,Personal Care,0.830064594745636,Household,0.8004961013793945,0.029568493366241455,"[""Personal Care"", ""Household"", ""Medicine""]","[0.830064594745636, 0.8004961013793945, 0.790055513381958]",True,True
Nivea Face Cream,Personal Care,en,clean,intfloat/multilingual-e5-small,Personal Care,0.8253754377365112,Medicine,0.8110839128494263,0.014291524887084961,"[""Personal Care"", ""Medicine"", ""Entertainment""]","[0.8253754377365112, 0.8110839128494263, 0.8066950440406799]",True,True
Gillette Razor,Personal Care,en,clean,intfloat/multilingual-e5-small,Personal Care,0.8001360893249512,Shopping,0.7936155796051025,0.006520509719848633,"[""Personal Care"", ""Shopping"", ""Groceries""]","[0.8001360893249512, 0.7936155796051025, 0.7918835282325745]",True,True
Haircut,Personal Care,en,clean,intfloat/multilingual-e5-small,Personal Care,0.8123754262924194,Restaurants,0.8052284717559814,0.007146954536437988,"[""Personal Care"", ""Restaurants"", ""Entertainment""]","[0.8123754262924194, 0.8052284717559814, 0.8026041984558105]",True,True
شامبو دوف,Personal Care,ar,clean,intfloat/multilingual-e5-small,Personal Care,0.8382135629653931,Household,0.8113136291503906,0.02689993381500244,"[""Personal Care"", ""Household"", ""Bills""]","[0.8382135629653931, 0.8113136291503906, 0.8044048547744751]",True,True
كريم نيفيا للوجه,Personal Care,ar,clean,intfloat/multilingual-e5-small,Personal Care,0.8363860845565796,Medicine,0.8111300468444824,0.025256037712097168,"[""Personal Care"", ""Medicine"", ""Transport""]","[0.8363860845565796, 0.8111300468444824, 0.8108665347099304]",True,True
شفرة حلاقة,Personal Care,ar,clean,intfloat/multilingual-e5-small,Personal Care,0.8425254821777344,Entertainment,0.8080242276191711,0.03450125455856323,"[""Personal Care"", ""Entertainment"", ""Shopping""]","[0.8425254821777344, 0.8080242276191711, 0.8013523817062378]",True,True
قص شعر,Personal Care,ar,clean,intfloat/multilingual-e5-small,Personal Care,0.8269901275634766,Restaurants,0.8230151534080505,0.003974974155426025,"[""Personal Care"", ""Restaurants"", ""Shopping""]","[0.8269901275634766, 0.8230151534080505, 0.8140647411346436]",True,True
Shampoo شامبو,Personal Care,mixed,mixed_language,intfloat/multilingual-e5-small,Personal Care,0.8600559234619141,Household,0.8272861242294312,0.03276979923248291,"[""Personal Care"", ""Household"", ""Medicine""]","[0.8600559234619141, 0.8272861242294312, 0.8114564418792725]",True,True
Nivea كريم بشرة,Personal Care,mixed,mixed_language,intfloat/multilingual-e5-small,Personal Care,0.8519673347473145,Medicine,0.8352843523025513,0.016682982444763184,"[""Personal Care"", ""Medicine"", ""Transport""]","[0.8519673347473145, 0.8352843523025513, 0.828729510307312]",True,True
شامبو D0VE,Personal Care,mixed,ocr_noise,intfloat/multilingual-e5-small,Personal Care,0.8388276100158691,Household,0.8141145706176758,0.02471303939819336,"[""Personal Care"", ""Household"", ""Bills""]","[0.8388276100158691, 0.8141145706176758, 0.8137770891189575]",True,True
G1LLETTE RAZ0R,Personal Care,en,ocr_noise,intfloat/multilingual-e5-small,Entertainment,0.802324652671814,Shopping,0.7963846325874329,0.0059400200843811035,"[""Entertainment"", ""Shopping"", ""Personal Care""]","[0.802324652671814, 0.7963846325874329, 0.7938814163208008]",False,True
Service Fee,Other,en,clean,intfloat/multilingual-e5-small,Other,0.8474984169006348,Bills,0.8406195640563965,0.006878852844238281,"[""Other"", ""Bills"", ""Restaurants""]","[0.8474984169006348, 0.8406195640563965, 0.8226994276046753]",True,True
Charity Donation,Other,en,clean,intfloat/multilingual-e5-small,Other,0.8012044429779053,Bills,0.7939796447753906,0.0072247982025146484,"[""Other"", ""Bills"", ""Medicine""]","[0.8012044429779053, 0.7939796447753906, 0.793952465057373]",True,True
Document Printing,Other,en,clean,intfloat/multilingual-e5-small,Bills,0.7922738790512085,Medicine,0.7914949655532837,0.0007789134979248047,"[""Bills"", ""Medicine"", ""Other""]","[0.7922738790512085, 0.7914949655532837, 0.7862756252288818]",False,True
Delivery Fee,Other,en,clean,intfloat/multilingual-e5-small,Other,0.8386474847793579,Bills,0.8216463327407837,0.01700115203857422,"[""Other"", ""Bills"", ""Restaurants""]","[0.8386474847793579, 0.8216463327407837, 0.8168787956237793]",True,True
رسوم خدمة,Other,ar,clean,intfloat/multilingual-e5-small,Bills,0.8383515477180481,Other,0.8372223973274231,0.001129150390625,"[""Bills"", ""Other"", ""Transport""]","[0.8383515477180481, 0.8372223973274231, 0.8242195248603821]",False,True
تبرع خيري,Other,ar,clean,intfloat/multilingual-e5-small,Other,0.8256452083587646,Transport,0.8119637370109558,0.013681471347808838,"[""Other"", ""Transport"", ""Personal Care""]","[0.8256452083587646, 0.8119637370109558, 0.8090454339981079]",True,True
طباعة مستندات,Other,ar,clean,intfloat/multilingual-e5-small,Other,0.8244677782058716,Books,0.8219114542007446,0.002556324005126953,"[""Other"", ""Books"", ""Medicine""]","[0.8244677782058716, 0.8219114542007446, 0.8181823492050171]",True,True
مصاريف متنوعة,Other,ar,clean,intfloat/multilingual-e5-small,Other,0.8677291870117188,Bills,0.8486647009849548,0.019064486026763916,"[""Other"", ""Bills"", ""Shopping""]","[0.8677291870117188, 0.8486647009849548, 0.8383721709251404]",True,True
Delivery رسوم,Other,mixed,mixed_language,intfloat/multilingual-e5-small,Other,0.8464421629905701,Restaurants,0.8405910730361938,0.005851089954376221,"[""Other"", ""Restaurants"", ""Transport""]","[0.8464421629905701, 0.8405910730361938, 0.8374561667442322]",True,True
Service مصاريف,Other,mixed,mixed_language,intfloat/multilingual-e5-small,Other,0.8529936075210571,Bills,0.8469334244728088,0.006060183048248291,"[""Other"", ""Bills"", ""Transport""]","[0.8529936075210571, 0.8469334244728088, 0.837805986404419]",True,True
SERV1CE FEE,Other,en,ocr_noise,intfloat/multilingual-e5-small,Other,0.8123248815536499,Bills,0.8103055357933044,0.002019345760345459,"[""Other"", ""Bills"", ""Restaurants""]","[0.8123248815536499, 0.8103055357933044, 0.8025717735290527]",True,True
M1SC EXPENSE,Other,en,ocr_noise,intfloat/multilingual-e5-small,Entertainment,0.7995995879173279,Other,0.798277735710144,0.0013218522071838379,"[""Entertainment"", ""Other"", ""Bills""]","[0.7995995879173279, 0.798277735710144, 0.7939329147338867]",False,True
Atomic Habits,Books,en,clean,intfloat/multilingual-e5-small,Entertainment,0.8176125884056091,Restaurants,0.8147156238555908,0.0028969645500183105,"[""Entertainment"", ""Restaurants"", ""Bills""]","[0.8176125884056091, 0.8147156238555908, 0.8107944130897522]",False,False
Clean Code,Books,en,clean,intfloat/multilingual-e5-small,Personal Care,0.8036496043205261,Household,0.8020480275154114,0.001601576805114746,"[""Personal Care"", ""Household"", ""Bills""]","[0.8036496043205261, 0.8020480275154114, 0.8008571863174438]",False,False
The Psychology of Money,Books,en,clean,intfloat/multilingual-e5-small,Bills,0.8184994459152222,Other,0.8033473491668701,0.01515209674835205,"[""Bills"", ""Other"", ""Entertainment""]","[0.8184994459152222, 0.8033473491668701, 0.8027398586273193]",False,False
The Pragmatic Programmer,Books,en,clean,intfloat/multilingual-e5-small,Bills,0.7938600778579712,Entertainment,0.7905560731887817,0.003304004669189453,"[""Bills"", ""Entertainment"", ""Restaurants""]","[0.7938600778579712, 0.7905560731887817, 0.7882909774780273]",False,False
العادات الذرية,Books,ar,clean,intfloat/multilingual-e5-small,Personal Care,0.8182516098022461,Restaurants,0.8176242709159851,0.0006273388862609863,"[""Personal Care"", ""Restaurants"", ""Entertainment""]","[0.8182516098022461, 0.8176242709159851, 0.811858057975769]",False,False
كتاب فن اللامبالاة,Books,ar,clean,intfloat/multilingual-e5-small,Personal Care,0.8086768388748169,Books,0.8077799081802368,0.0008969306945800781,"[""Personal Care"", ""Books"", ""Entertainment""]","[0.8086768388748169, 0.8077799081802368, 0.7966922521591187]",False,True
رواية أولاد حارتنا,Books,ar,clean,intfloat/multilingual-e5-small,Books,0.7979639768600464,Entertainment,0.7762958407402039,0.02166813611984253,"[""Books"", ""Entertainment"", ""Fruits & Vegetables""]","[0.7979639768600464, 0.7762958407402039, 0.7706359028816223]",True,True
كتاب تعلم بايثون,Books,ar,clean,intfloat/multilingual-e5-small,Books,0.8361406326293945,Personal Care,0.8103785514831543,0.025762081146240234,"[""Books"", ""Personal Care"", ""Restaurants""]","[0.8361406326293945, 0.8103785514831543, 0.8100695610046387]",True,True
Clean Code كتاب,Books,mixed,mixed_language,intfloat/multilingual-e5-small,Books,0.8479308485984802,Personal Care,0.8427612781524658,0.005169570446014404,"[""Books"", ""Personal Care"", ""Restaurants""]","[0.8479308485984802, 0.8427612781524658, 0.8357686400413513]",True,True
Atomic Habits نسخة عربية,Books,mixed,mixed_language,intfloat/multilingual-e5-small,Transport,0.8335306644439697,Shopping,0.8196080923080444,0.013922572135925293,"[""Transport"", ""Shopping"", ""Restaurants""]","[0.8335306644439697, 0.8196080923080444, 0.8172286152839661]",False,False
AT0MIC HAB1TS,Books,en,ocr_noise,intfloat/multilingual-e5-small,Medicine,0.8001350164413452,Entertainment,0.7999725341796875,0.00016248226165771484,"[""Medicine"", ""Entertainment"", ""Transport""]","[0.8001350164413452, 0.7999725341796875, 0.796414852142334]",False,False
CLEAN C0DE,Books,en,ocr_noise,intfloat/multilingual-e5-small,Personal Care,0.8024299144744873,Household,0.8003939986228943,0.0020359158515930176,"[""Personal Care"", ""Household"", ""Entertainment""]","[0.8024299144744873, 0.8003939986228943, 0.798328161239624]",False,False
